Arroyo Barú,Colón
Colón,Colón
Colonia Hugues,Colón
Hambis,Colón
Hocker,Colón
La Clarita,Colón
Pueblo Cazes,Colón
Pueblo Liebig's,Colón
San José,Colón
Ubajay,Colón
Villa Elisa,Colón
Calabacilla,Concordia
Clodomiro Ledesma ,Concordia
Colonia Ayuí,Concordia
Colonia General Roca,Concordia
Concordia,Concordia
Estación Yeruá,Concordia
Estación Yuquerí,Concordia
Estancia Grande (Colonia Yeruá),Concordia
La Criolla,Concordia
Los Charrúas,Concordia
Nueva Escocia,Concordia
Osvaldo Magnasco,Concordia
Pedernal,Concordia
Puerto Yeruá,Concordia
Aldea Brasilera,Diamante
Aldea Grapschental,Diamante
Aldea Protestante,Diamante
Aldea Salto,Diamante
Aldea San Francisco,Diamante
Aldea Spatzenkutter,Diamante
Aldea Valle María,Diamante
Colonia Ensayo,Diamante
Diamante,Diamante
Estación Camps,Diamante
General Alvear (Puerto Alvear),Diamante
General Racedo (El Carmen),Diamante
General Ramírez,Diamante
La Juanita,Diamante
Las Jaulas,Diamante
Paraje La Virgen,Diamante
Puerto Las Cuevas,Diamante
Villa Libertador San Martín,Diamante
Chajarí,Federación
Colonia Alemana,Federación
Colonia La Argentina,Federación
Colonia Peña,Federación
Federación,Federación
Los Conquistadores,Federación
San Jaime de la Frontera,Federación
San Pedro,Federación
San Ramón,Federación
Santa Ana,Federación
Villa del Rosario,Federación
Aldea San Isidro (El Cimarrón),Federal
Conscripto Bernardi,Federal
Federal,Federal
Nueva Vizcaya,Federal
Sauce de Luna,Federal
San José de Feliciano,Feliciano
San Víctor ,Feliciano
Aldea Asunción,Gualeguay
Estación Lazo,Gualeguay
General Galarza,Gualeguay
Gualeguay,Gualeguay
Puerto Ruiz,Gualeguay
Aldea San Antonio,Gualeguaychú
Aldea San Juan,Gualeguaychú
Enrique Carbó,Gualeguaychú
Estación Escriña,Gualeguaychú
Faustino M. Parera ,Gualeguaychú
General Almada,Gualeguaychú
Gilbert,Gualeguaychú
Gualeguaychú,Gualeguaychú
Irazusta,Gualeguaychú
Larroque,Gualeguaychú
Pastor Britos,Gualeguaychú
Pueblo General Belgrano,Gualeguaychú
Urdinarrain,Gualeguaychú
Ceibas,Islas del Ibicuy
Ibicuy,Islas del Ibicuy
Médanos,Islas del Ibicuy
Villa Paranacito,Islas del Ibicuy
Bovril,La Paz
Colonia Avigdor,La Paz
El Solar,La Paz
La Paz,La Paz
Piedras Blancas,La Paz
Pueblo Arrúa (Est. Alcaraz),La Paz
San Gustavo,La Paz
Santa Elena,La Paz
Sir Leonard,La Paz
Aranguren,Nogoyá
Betbeder,Nogoyá
Don Cristóbal,Nogoyá
Febré,Nogoyá
Hernández,Nogoyá
Lucas González,Nogoyá
Nogoyá,Nogoyá
XX de Setiembre,Nogoyá
Aldea María Luisa,Paraná
Aldea San Juan,Paraná
Aldea San Rafael,Paraná
Aldea Santa María,Paraná
Aldea Santa Rosa,Paraná
Cerrito,Paraná
Colonia Avellaneda,Paraná
Colonia Crespo,Paraná
Crespo,Paraná
El Palenque,Paraná
El Pingo,Paraná
El Ramblón,Paraná
Hasenkamp,Paraná
Hernandarias,Paraná
La Picada,Paraná
Las Tunas ,Paraná
María Grande,Paraná
Oro Verde,Paraná
Paraná,Paraná
Pueblo Bellocq (Est. Las Garzas),Paraná
Pueblo Brugo,Paraná
Pueblo General San Martín,Paraná
San Benito,Paraná
Sauce Montrull,Paraná
Sauce Pinto ,Paraná
Seguí,Paraná
Sosa,Paraná
Tabossi,Paraná
Tezanos Pinto,Paraná
Viale,Paraná
Villa Fontana,Paraná
Villa Gobernador Luis F. Etchevehere,Paraná
Villa Urquiza,Paraná
General Campos,San Salvador
San Salvador,San Salvador
Altamirano Sur ,Tala
Durazno,Tala
Estación Arroyo Clé,Tala
Gobernador Echagüe,Tala
Gobernador Mansilla,Tala
Gobernador Sola,Tala
Guardamonte,Tala
Las Guachas,Tala
Maciá,Tala
Rosario del Tala,Tala
1º de Mayo (Primero de Mayo),Uruguay
Basavilbaso,Uruguay
Caseros,Uruguay
Colonia Elía,Uruguay
Concepción del Uruguay,Uruguay
Herrera,Uruguay
Las Moscas,Uruguay
Líbaros,Uruguay
Pronunciamiento,Uruguay
Rocamora,Uruguay
Santa Anita,Uruguay
Villa Mantero,Uruguay
Villa San Justo,Uruguay
Villa San Marcial (Est. Gobernador Urquiza),Uruguay
Antelo,Victoria
Molino Doll ,Victoria
Victoria,Victoria
Estación Raíces,Villaguay
Ingeniero Miguel Sajaroff,Villaguay
Jubileo,Villaguay
Paso de la Laguna,Villaguay
Villa Clara,Villaguay
Villa Domínguez,Villaguay
Villaguay,Villaguay
